Lix Lemon Soap Powder 1KG,$9.28,grocery-non-foodlaundry-grocery-non-food,https://www.shopmassystoresslu.com/product/lix-lemon-soap-powder-1kg/,https://www.shopmassystoresslu.com/wp-content/uploads/0893466919003.jpg
Roma Laundry Detergent 2KG,$21.95,grocery-non-foodlaundry-grocery-non-food,https://www.shopmassystoresslu.com/product/roma-laundry-detergent-2kg/,https://www.shopmassystoresslu.com/wp-content/uploads/0001200540464-1.jpg
Supreme Chlorine Bleach 3.78L,$12.75,grocery-non-foodlaundry-grocery-non-food,https://www.shopmassystoresslu.com/product/supreme-bleach-3-78l/,https://www.shopmassystoresslu.com/wp-content/uploads/0071068102464.jpg
Clean And White Bleach 3.78L,$11.99,grocery-non-foodlaundry-grocery-non-food,https://www.shopmassystoresslu.com/product/clean-and-white-bleach-3-78l/,https://www.shopmassystoresslu.com/wp-content/uploads/0007106447345.jpg
Supreme Bleach 950ML,$4.43,grocery-non-foodlaundry-grocery-non-food,https://www.shopmassystoresslu.com/product/supreme-bleach-950ml/,https://www.shopmassystoresslu.com/wp-content/uploads/0071068102461.jpg
Roma Laundry Detergent 1KG,$11.25,grocery-non-foodlaundry-grocery-non-food,https://www.shopmassystoresslu.com/product/roma-laundry-detergent-1kg/,https://www.shopmassystoresslu.com/wp-content/uploads/0001200540465.jpg
Chemico Liquid Bleach 3.78L,$13.60,grocery-non-foodlaundry-grocery-non-food,https://www.shopmassystoresslu.com/product/chemico-bleach-3-78l/,https://www.shopmassystoresslu.com/wp-content/uploads/0079074500040.jpg
Supreme Bleach 475ML,$2.68,grocery-non-foodlaundry-grocery-non-food,https://www.shopmassystoresslu.com/product/supreme-bleach-475ml/,https://www.shopmassystoresslu.com/wp-content/uploads/coming-soon-69.jpg
Lix Lemon Soap Powder 500G,$5.19,grocery-non-foodlaundry-grocery-non-food,https://www.shopmassystoresslu.com/product/lix-lemon-soap-powder-500g/,https://www.shopmassystoresslu.com/wp-content/uploads/0893466919002.jpg
Tide Pods Om 16X (Each),$39.95,grocery-non-foodlaundry-grocery-non-food,https://www.shopmassystoresslu.com/product/tide-pods-om-16ct/,https://www.shopmassystoresslu.com/wp-content/uploads/0003700093119.jpg
Roma Laundry Det 5KG,$52.99,grocery-non-foodlaundry-grocery-non-food,https://www.shopmassystoresslu.com/product/roma-laundry-det-5kg/,https://www.shopmassystoresslu.com/wp-content/uploads/0001200540463.jpg
Suavitel Morning Sun 1.9L,$31.49,grocery-non-foodlaundry-grocery-non-food,https://www.shopmassystoresslu.com/product/fabric-softener-morning-sun/,https://www.shopmassystoresslu.com/wp-content/uploads/2021/04/0009558711227.jpg
Betta Blu Laundry Soap 3X 130G,$5.43,grocery-non-foodlaundry-grocery-non-food,https://www.shopmassystoresslu.com/product/betta-blu-laundry-soap-3pk-130g/,https://www.shopmassystoresslu.com/wp-content/uploads/0068020185029.jpg
Clorox Bleach Disinfectant Concentrated 1.27L,$24.99,grocery-non-foodlaundry-grocery-non-food,https://www.shopmassystoresslu.com/product/clorox-bleach-disf-conc-1-27l/,https://www.shopmassystoresslu.com/wp-content/uploads/0004600322602.jpg
Roma Laundry Detergent 500G,$5.50,grocery-non-foodlaundry-grocery-non-food,https://www.shopmassystoresslu.com/product/roma-laundry-detergent-500g/,https://www.shopmassystoresslu.com/wp-content/uploads/0001200540466.jpg
Tide Original Liquid Laundry Detergent 296ML,$15.75$11.99,grocery-non-foodlaundry-grocery-non-food,https://www.shopmassystoresslu.com/product/tide-orig-lq-laundry-det-296ml/,https://www.shopmassystoresslu.com/wp-content/uploads/0003700000471.jpg
Tide Liquid 2X He With Downy 1.47L,$52.49,grocery-non-foodlaundry-grocery-non-food,https://www.shopmassystoresslu.com/product/tide-lq-2x-he-w-dwny-1-47l/,https://www.shopmassystoresslu.com/wp-content/uploads/0003700021158.jpeg
Breeze Multiative Regular 500G,$6.99,grocery-non-foodlaundry-grocery-non-food,https://www.shopmassystoresslu.com/product/breeze-multi-active/,https://www.shopmassystoresslu.com/wp-content/uploads/0741100036355.jpg
Waitrose Thick Bleach Aqua 750ML,$9.45,grocery-non-foodlaundry-grocery-non-food,https://www.shopmassystoresslu.com/product/wr-thick-bleach-aqua-750ml/,https://www.shopmassystoresslu.com/wp-content/uploads/0500016989176.jpg
Clorox N Bleach Spray 946ML,$28.15,grocery-non-foodlaundry-grocery-non-food,https://www.shopmassystoresslu.com/product/clorox-n-bleach-spray-946ml/,https://www.shopmassystoresslu.com/wp-content/uploads/0004460030058.jpg
Niagara Spray Starch Original 567G,$14.70,grocery-non-foodlaundry-grocery-non-food,https://www.shopmassystoresslu.com/product/niagara-spray-starch-orig-567g/,https://www.shopmassystoresslu.com/wp-content/uploads/0088596708520.jpg
Radiante Powder 900G,$12.75$4.99,grocery-non-foodlaundry-grocery-non-food,https://www.shopmassystoresslu.com/product/radiante-powder-900g/,https://www.shopmassystoresslu.com/wp-content/uploads/0074901600118.jpg
Suavital Baby Fresh 1.89L,$31.49,grocery-non-foodlaundry-grocery-non-food,https://www.shopmassystoresslu.com/product/fabric-softener-baby-powder-fresh/,https://www.shopmassystoresslu.com/wp-content/uploads/2021/01/0009558711230.jpg
Chemico Liquid Bleach 946ML,$6.17,grocery-non-foodlaundry-grocery-non-food,https://www.shopmassystoresslu.com/product/chemico-bleach-946ml/,https://www.shopmassystoresslu.com/wp-content/uploads/coming-soon-32.png
Supreme Bleach 1.89L,$7.99,grocery-non-foodlaundry-grocery-non-food,https://www.shopmassystoresslu.com/product/supreme-bleach-1-89l/,https://www.shopmassystoresslu.com/wp-content/uploads/coming-soon-33.jpg
Suavitel Fabric Softener Field Flower 1.9L,$31.49,grocery-non-foodlaundry-grocery-non-food,https://www.shopmassystoresslu.com/product/suavitel-fab-sftn-fld-flw-1-9l/,https://www.shopmassystoresslu.com/wp-content/uploads/0003500039161.jpg
Sun Powder Pail 1750G,$24.95,grocery-non-foodlaundry-grocery-non-food,https://www.shopmassystoresslu.com/product/sun-powder-pail-1750g/,https://www.shopmassystoresslu.com/wp-content/uploads/0000691701023.jpg
Waitrose Thick Bleach Citrus 750ML,$9.60,grocery-non-foodlaundry-grocery-non-food,https://www.shopmassystoresslu.com/product/wr-thick-bleach-citrus-750ml/,https://www.shopmassystoresslu.com/wp-content/uploads/0500016989179.jpg
Chemico Liquid Bleach 1.89L,$10.01,grocery-non-foodlaundry-grocery-non-food,https://www.shopmassystoresslu.com/product/chemico-bleach-1-89l/,https://www.shopmassystoresslu.com/wp-content/uploads/coming-soon-32.png
Clean & White Bleach 1.89L,$7.55,grocery-non-foodlaundry-grocery-non-food,https://www.shopmassystoresslu.com/product/clean-and-white-bleach-1-89l/,https://www.shopmassystoresslu.com/wp-content/uploads/0071068144732.jpg
Clean & White Bleach 950ML,$4.55,grocery-non-foodlaundry-grocery-non-food,https://www.shopmassystoresslu.com/product/clean-and-white-bleach-950ml/,https://www.shopmassystoresslu.com/wp-content/uploads/0071068144731.jpg
Suavitel Fabric Softener Morning Sun 848ML,$15.99$13.99,grocery-non-foodlaundry-grocery-non-food,https://www.shopmassystoresslu.com/product/suavitel-fab-sftn-mor-sun848ml/,https://www.shopmassystoresslu.com/wp-content/uploads/0003500039130.jpg
Waitrose Original Thick Bleach 2L,$15.99,grocery-non-foodlaundry-grocery-non-food,https://www.shopmassystoresslu.com/product/wr-orig-thick-bleach-2l/,https://www.shopmassystoresslu.com/wp-content/uploads/coming-soon-58.jpg
Chemico Liquid Bleach 473ML,$3.16,grocery-non-foodlaundry-grocery-non-food,https://www.shopmassystoresslu.com/product/chemico-bleach-473ml/,https://www.shopmassystoresslu.com/wp-content/uploads/coming-soon-32.png
Clean & White Bleach 475ML,$2.80,grocery-non-foodlaundry-grocery-non-food,https://www.shopmassystoresslu.com/product/clean-and-white-bleach-475ml/,https://www.shopmassystoresslu.com/wp-content/uploads/0071068144735-1.jpg
Suavitel Apples N Berries 1.9L,$31.49,grocery-non-foodlaundry-grocery-non-food,https://www.shopmassystoresslu.com/product/suavitel-apples-n-berries-1-9l/,https://www.shopmassystoresslu.com/wp-content/uploads/0009558705836.jpeg
Suavitel Baby Powdr Frsh 848ML,$10.12,grocery-non-foodlaundry-grocery-non-food,https://www.shopmassystoresslu.com/product/suavitel-baby-powdr-frsh-848ml/,https://www.shopmassystoresslu.com/wp-content/uploads/0009558705643.jpg
Tide Spring Renew Liquid Detergent 1.36L,$43.75,grocery-non-foodlaundry-grocery-non-food,https://www.shopmassystoresslu.com/product/tide-spring-renewal-lq-det-1-36l/,https://www.shopmassystoresslu.com/wp-content/uploads/0003700087560.jpg
Purex Mountain Breeze 1.47KG,$44.95,grocery-non-foodlaundry-grocery-non-food,https://www.shopmassystoresslu.com/product/purex-mountain-breeze-1-47kg/,https://www.shopmassystoresslu.com/wp-content/uploads/0002420004956.jpg
Ozone Disinfectant 6In1 Ocean Wave 770ML,$7.85,grocery-non-foodlaundry-grocery-non-food,https://www.shopmassystoresslu.com/product/ozone-disinfect-6in1-ocean-wave-770ml/,https://www.shopmassystoresslu.com/wp-content/uploads/0000691703304.jpg
Breeze Detergent Powder Multi Active Lemon 1.8KG,$29.90,grocery-non-foodlaundry-grocery-non-food,https://www.shopmassystoresslu.com/product/breeze-lemon-2/,https://www.shopmassystoresslu.com/wp-content/uploads/0074901600060.jpg
Radiante Powder Reg 4KG,$42.95,grocery-non-foodlaundry-grocery-non-food,https://www.shopmassystoresslu.com/product/radiante-powder-reg-4kg/,https://www.shopmassystoresslu.com/wp-content/uploads/0779129078866.jpg
Tide Pods Spring Meadow 35X (Each),$76.99,grocery-non-foodlaundry-grocery-non-food,https://www.shopmassystoresslu.com/product/tide-pods-sm-35ct/,https://www.shopmassystoresslu.com/wp-content/uploads/0003700093127.jpg
Downy Sheet April Fresh 34X (Each),$13.65,grocery-non-foodlaundry-grocery-non-food,https://www.shopmassystoresslu.com/product/downy-sheet-april-frsh-34ct/,https://www.shopmassystoresslu.com/wp-content/uploads/0003700080065.jpg
Tide Simply Mix 14 916ML,$27.95,grocery-non-foodlaundry-grocery-non-food,https://www.shopmassystoresslu.com/product/tide-simply-mix-14-916ml/,https://www.shopmassystoresslu.com/wp-content/uploads/0003700044105.png
Downy April Fresh Fabric Softener 120X  (Each),$34.95,grocery-non-foodlaundry-grocery-non-food,https://www.shopmassystoresslu.com/product/downy-april-fr-fab-sftnr-120ct/,https://www.shopmassystoresslu.com/wp-content/uploads/0003700041435.jpg
Bounce Dryer Sheet Oder Fresh 80X (Each),$32.99,grocery-non-foodlaundry-grocery-non-food,https://www.shopmassystoresslu.com/product/bounce-dryer-sht-od-fresh-80ct/,https://www.shopmassystoresslu.com/wp-content/uploads/0003700034085.jpg
Downy Life Infusions Lavender & Vanilla Bean Calm 946ML,$33.59$23.99,grocery-non-foodlaundry-grocery-non-food,https://www.shopmassystoresslu.com/product/downy-lfe-inf-lbv-calm-946ml/,https://www.shopmassystoresslu.com/wp-content/uploads/0003700008265.jpg
Borax Detergent Booster 1.84KG,$43.00,grocery-non-foodlaundry-grocery-non-food,https://www.shopmassystoresslu.com/product/borax-detergent-booster-1-84kg/,https://www.shopmassystoresslu.com/wp-content/uploads/0002340000201.jpg
Ozone Disinfectant 6In1 Flower Field 770ML,$7.85,grocery-non-foodlaundry-grocery-non-food,https://www.shopmassystoresslu.com/product/ozone-disinfect-6in1-flower-field-770ml/,https://www.shopmassystoresslu.com/wp-content/uploads/coming-soon-71.jpg
Breeze Detergent Powder Multi Active Lemon 500G,$6.99,grocery-non-foodlaundry-grocery-non-food,https://www.shopmassystoresslu.com/product/breeze-lemon/,https://www.shopmassystoresslu.com/wp-content/uploads/0741100036348.jpg
Chicken Backs Frozen (per KG),$4.95,meats-seafood,https://www.shopmassystoresslu.com/product/chicken-backs-frozen-14kg/,https://www.shopmassystoresslu.com/wp-content/uploads/0020582600000.jpg
Dg Frozen Chicken Mix Parts (Per Kg),$11.70,meats-seafood,https://www.shopmassystoresslu.com/product/dg-frozen-chicken-mix-parts/,https://www.shopmassystoresslu.com/wp-content/uploads/0020575000000.jpg
Ground Beef 454G,$20.55,meats-seafood,https://www.shopmassystoresslu.com/product/ground-beef-454g/,https://www.shopmassystoresslu.com/wp-content/uploads/0007904151583.jpg
Drummond Saltfish Prepacked 454G,$21.62,meats-seafood,https://www.shopmassystoresslu.com/product/drummond-saltfish-prepacked/,https://www.shopmassystoresslu.com/wp-content/uploads/0077572646312.jpg
Ground Chicken 454G,$7.85,meats-seafood,https://www.shopmassystoresslu.com/product/ground-chicken-454g/,https://www.shopmassystoresslu.com/wp-content/uploads/coming-soon-32.png
Dg Fresh Local Chicken Breast (per KG),$29.99,meats-seafood,https://www.shopmassystoresslu.com/product/dg-fresh-local-chicken-breast/,https://www.shopmassystoresslu.com/wp-content/uploads/0020561600000.jpg
Chicken Leg Quarters (per KG),$7.99,meats-seafood,https://www.shopmassystoresslu.com/product/chicken-leg-quarters-1kg/,https://www.shopmassystoresslu.com/wp-content/uploads/0020551400000.jpg
Rainforest Shrimp 91-110 340G,$34.45,meats-seafood,https://www.shopmassystoresslu.com/product/rainforest-shrmp-91-110ck-340g/,https://www.shopmassystoresslu.com/wp-content/uploads/0003467100067.jpg
Cqm Fresh Local Chicken Breast (per KG),$29.99,meats-seafood,https://www.shopmassystoresslu.com/product/cqm-fresh-local-chicken-breast-per-kg/,https://www.shopmassystoresslu.com/wp-content/uploads/0020624000000.jpg
Chicken Wings Prepack 1KG,$17.00,meats-seafood,https://www.shopmassystoresslu.com/product/chicken-wings-prepack-1kg/,https://www.shopmassystoresslu.com/wp-content/uploads/0342107051768.jpg
Chicken Leg Quarters 4.5KG,$41.55,meats-seafood,https://www.shopmassystoresslu.com/product/chicken-leg-quarters-4-5kg/,https://www.shopmassystoresslu.com/wp-content/uploads/0007562065074.jpg
Dg Frozen Local Chicken Whole (per KG),$10.95,meats-seafood,https://www.shopmassystoresslu.com/product/dg-frozen-local-chicken-whole/,https://www.shopmassystoresslu.com/wp-content/uploads/0020569600000.jpg
Cab Eye Round (per KG),$64.95,meats-seafood,https://www.shopmassystoresslu.com/product/cab-eye-round/,https://www.shopmassystoresslu.com/wp-content/uploads/0020556800000.jpg
Beef Oxtail (per KG),$54.50,meats-seafood,https://www.shopmassystoresslu.com/product/beef-oxtail/,https://www.shopmassystoresslu.com/wp-content/uploads/0020124700000.jpg
Pork Neckbones Frozen (Per Kg),$12.00,meats-seafood,https://www.shopmassystoresslu.com/product/pork-neckbones-frozen-1kg/,https://www.shopmassystoresslu.com/wp-content/uploads/0020560100000.jpg
Rainforest Smoked Salmon 85G,$30.15,meats-seafood,https://www.shopmassystoresslu.com/product/rainforest-seafoods-salmon-smoked-sliced-portion-2/,https://www.shopmassystoresslu.com/wp-content/uploads/0083467100192.jpg
Rainforest Seafood Mix 340G,$15.15,meats-seafood,https://www.shopmassystoresslu.com/product/seafood-mix-5/,https://www.shopmassystoresslu.com/wp-content/uploads/2021/03/0083467100117-2.jpg
Rainforest Shrimp 31-40 Raw 340G,$35.20,meats-seafood,https://www.shopmassystoresslu.com/product/rainforest-shrimp-31-40rw-340g/,https://www.shopmassystoresslu.com/wp-content/uploads/0083467100070.jpg
Beef Feet New Zealand (per KG),$16.10,meats-seafood,https://www.shopmassystoresslu.com/product/beef-feet-new-zealand/,https://www.shopmassystoresslu.com/wp-content/uploads/0020588900000.jpg
Rainforest Kingfish Steak (per KG),$41.45,meats-seafood,https://www.shopmassystoresslu.com/product/rainforest-kingfish-steak-1kg/,https://www.shopmassystoresslu.com/wp-content/uploads/0020557500000.jpg
Dg Local Season Mixed Parts (per KG),$27.37,meats-seafood,https://www.shopmassystoresslu.com/product/dg-local-season-mixed-parts-1kg/,https://www.shopmassystoresslu.com/wp-content/uploads/0020575000000.jpg
Dg Fresh Local Chicken Back (per KG),$12.95,meats-seafood,https://www.shopmassystoresslu.com/product/dg-fresh-local-chicken-backs/,https://www.shopmassystoresslu.com/wp-content/uploads/0020582600000.jpg
Blue Ribbon Picnic Ham (per KG),$23.99,meats-seafood,https://www.shopmassystoresslu.com/product/blue-ribbon-picnic-ham/,https://www.shopmassystoresslu.com/wp-content/uploads/0020613800000.jpg
Butterball Turkey Bacon 340G,$20.63,meats-seafood,https://www.shopmassystoresslu.com/product/butterball-turkey-bacon-340g/,https://www.shopmassystoresslu.com/wp-content/uploads/0002265530558.png
Rainforest Tilapia Fillet 454G,$30.50,meats-seafood,https://www.shopmassystoresslu.com/product/rainforest-tilapia-fillet-454g/,https://www.shopmassystoresslu.com/wp-content/uploads/0083467100045.jpg
Superior Fish Frozen King Fish Steaks (per KG),$44.50,meats-seafood,https://www.shopmassystoresslu.com/product/spf-frozen-king-fish-steaks/,https://www.shopmassystoresslu.com/wp-content/uploads/0020604400000.jpg
Dg Season Boneless Chicken Breast (per KG),$36.92,meats-seafood,https://www.shopmassystoresslu.com/product/dg-season-bnls-chicken-breast/,https://www.shopmassystoresslu.com/wp-content/uploads/0020580600000.jpg
Pork Tails Frozen (per KG),$16.99,meats-seafood,https://www.shopmassystoresslu.com/product/pork-tails-frozen-1kg/,https://www.shopmassystoresslu.com/wp-content/uploads/0020560500000.jpg
Carolina Turkey Ground 454G,$14.99,meats-seafood,https://www.shopmassystoresslu.com/product/carolina-turkey-ground-454g/,https://www.shopmassystoresslu.com/wp-content/uploads/0002265570140.jpeg
Rainforest Shrimp 60-80 Ck 340G,$36.50,meats-seafood,https://www.shopmassystoresslu.com/product/rainforest-seafoods-cooked-shrimp-60-80-medium-2/,https://www.shopmassystoresslu.com/wp-content/uploads/0083467100298.jpg
Rainforest Banga Mary Fillet 454G,$24.20,meats-seafood,https://www.shopmassystoresslu.com/product/rainforest-banga-mary-fil-454g/,https://www.shopmassystoresslu.com/wp-content/uploads/0083467100174.jpg
Dg Fresh Local Chicken Drumstick (per KG),$20.96,meats-seafood,https://www.shopmassystoresslu.com/product/dg-fresh-local-chicken-drumsticks/,https://www.shopmassystoresslu.com/wp-content/uploads/0020583400000.jpg
Macfoods Picnic Ham (per KG),$24.99,meats-seafood,https://www.shopmassystoresslu.com/product/macfoods-picnic-ham/,https://www.shopmassystoresslu.com/wp-content/uploads/0020421300000.jpg
Bouquet Chicken Thigh 907G,$17.87,meats-seafood,https://www.shopmassystoresslu.com/product/bouquet-chicken-thigh-907g/,https://www.shopmassystoresslu.com/wp-content/uploads/0007713312346.jpg
Bouquet Chicken Whole Legs 907G,$17.70,meats-seafood,https://www.shopmassystoresslu.com/product/bouquet-chicken-whl-legs-907g/,https://www.shopmassystoresslu.com/wp-content/uploads/coming-soon-30.png
Dg Fresh Local Chicken Whole (per KG),$21.25,meats-seafood,https://www.shopmassystoresslu.com/product/dg-fresh-local-chicken-whole/,https://www.shopmassystoresslu.com/wp-content/uploads/0020569600000.jpg
Rainforest Butter Fish Fillet (Each),$33.55,meats-seafood,https://www.shopmassystoresslu.com/product/rainforest-butter-fish-fillet/,https://www.shopmassystoresslu.com/wp-content/uploads/0083467100173-scaled.jpg
Ground Pork Sausage Mild 454G,$18.45,meats-seafood,https://www.shopmassystoresslu.com/product/ground-pork-sausage-mild-454g/,https://www.shopmassystoresslu.com/wp-content/uploads/0003715801252.jpg
Dietz & Watson Honey Turkey Breast 198G,$28.95,meats-seafood,https://www.shopmassystoresslu.com/product/dietz-watson-honey-turkey-breast-198g/,https://www.shopmassystoresslu.com/wp-content/uploads/0003150633409.jpg
Panamei Tilapia Fillet 907G,$49.00,meats-seafood,https://www.shopmassystoresslu.com/product/panamei-tilapia-fillet-907g/,https://www.shopmassystoresslu.com/wp-content/uploads/0066507200032.jpeg
Dg Local Season Wings (per KG),$26.10,meats-seafood,https://www.shopmassystoresslu.com/product/dg-local-season-wings/,https://www.shopmassystoresslu.com/wp-content/uploads/coming-soon-57.png
Smoke Herring Fillet 4.5KG,$56.96,meats-seafood,https://www.shopmassystoresslu.com/product/smoke-herring-fillet-4-5kg/,https://www.shopmassystoresslu.com/wp-content/uploads/0020562100000.jpg
Frozen Pork Loin Bone In (per KG),$20.20,meats-seafood,https://www.shopmassystoresslu.com/product/pork-loin-bone-in-frozen/,https://www.shopmassystoresslu.com/wp-content/uploads/0020560000000.jpg
Cqm Frozen Chicken Mixed Parts (per KG),$11.70,meats-seafood,https://www.shopmassystoresslu.com/product/cqm-frozen-chicken-mixed-parts-per-kg/,https://www.shopmassystoresslu.com/wp-content/uploads/coming-soon-68.jpg
Rainforest Snapper Whole (per KG),$98.25,meats-seafood,https://www.shopmassystoresslu.com/product/rainforest-snapper-whole/,https://www.shopmassystoresslu.com/wp-content/uploads/0020550800000.jpg
Cornish Hen 454G,$20.95,meats-seafood,https://www.shopmassystoresslu.com/product/cornish-hen-454g/,https://www.shopmassystoresslu.com/wp-content/uploads/0072745905820.jpg
Francis Fish Frozen Kingfish Steak (per KG),$54.52,meats-seafood,https://www.shopmassystoresslu.com/product/ffsl-frozen-kingfish-steak-1kg/,https://www.shopmassystoresslu.com/wp-content/uploads/0020621800000.jpg
Ground Pork Sausage Hot 454G,$17.95,meats-seafood,https://www.shopmassystoresslu.com/product/ground-pork-sausage-hot-454g/,https://www.shopmassystoresslu.com/wp-content/uploads/0003715801309.png
Grew Smoked Picnic Ham (Per Kg),$30.60,meats-seafood,https://www.shopmassystoresslu.com/product/grew-smoked-picnic-ham/,https://www.shopmassystoresslu.com/wp-content/uploads/0020559600000.jpg
Dg Local Season Drumsticks (per KG),$25.88,meats-seafood,https://www.shopmassystoresslu.com/product/dg-local-season-drumsticks/,https://www.shopmassystoresslu.com/wp-content/uploads/0020556600000.jpg
Bouquet Chicken Breast 907G,$36.75,meats-seafood,https://www.shopmassystoresslu.com/product/bouquet-chicken-breast-907g/,https://www.shopmassystoresslu.com/wp-content/uploads/coming-soon-68.jpg
Crab Meat Imitation 454G,$14.55,meats-seafood,https://www.shopmassystoresslu.com/product/crab-meat-imitation-454g/,https://www.shopmassystoresslu.com/wp-content/uploads/0066507200767.jpg
Superior Fish Frozen Tuna Steak (per KG),$42.80,meats-seafood,https://www.shopmassystoresslu.com/product/spf-frozen-tuna-steak/,https://www.shopmassystoresslu.com/wp-content/uploads/0020604600000.jpg
Pork Hock Frozen (per KG),$14.95,meats-seafood,https://www.shopmassystoresslu.com/product/pork-hock-frozen-14kg/,https://www.shopmassystoresslu.com/wp-content/uploads/0020559700000.jpg
Bouquet Chicken Splt Breast 907G,$17.00,meats-seafood,https://www.shopmassystoresslu.com/product/bouquet-chicken-splt-brst-907g/,https://www.shopmassystoresslu.com/wp-content/uploads/coming-soon-30.png
Dietz & Watson Black Forest Ham 198G,$24.95,meats-seafood,https://www.shopmassystoresslu.com/product/dietz-watson-black-forest-ham-198g/,https://www.shopmassystoresslu.com/wp-content/uploads/0003150631009.jpg
Cqm Fresh Local Chicken Wings (per KG),$20.69,meats-seafood,https://www.shopmassystoresslu.com/product/cqm-fresh-local-chicken-wings-per-kg/,https://www.shopmassystoresslu.com/wp-content/uploads/0020625100000.jpg
Chicken Backs Frozen (per KG),$4.95,meats-seafood,https://www.shopmassystoresslu.com/product/chicken-backs-frozen-14kg/,https://www.shopmassystoresslu.com/wp-content/uploads/0020582600000.jpg
Dg Frozen Chicken Mix Parts (Per Kg),$11.70,meats-seafood,https://www.shopmassystoresslu.com/product/dg-frozen-chicken-mix-parts/,https://www.shopmassystoresslu.com/wp-content/uploads/0020575000000.jpg
Ground Beef 454G,$20.55,meats-seafood,https://www.shopmassystoresslu.com/product/ground-beef-454g/,https://www.shopmassystoresslu.com/wp-content/uploads/0007904151583.jpg
Drummond Saltfish Prepacked 454G,$21.62,meats-seafood,https://www.shopmassystoresslu.com/product/drummond-saltfish-prepacked/,https://www.shopmassystoresslu.com/wp-content/uploads/0077572646312.jpg
Ground Chicken 454G,$7.85,meats-seafood,https://www.shopmassystoresslu.com/product/ground-chicken-454g/,https://www.shopmassystoresslu.com/wp-content/uploads/coming-soon-32.png
Dg Fresh Local Chicken Breast (per KG),$29.99,meats-seafood,https://www.shopmassystoresslu.com/product/dg-fresh-local-chicken-breast/,https://www.shopmassystoresslu.com/wp-content/uploads/0020561600000.jpg
Chicken Leg Quarters (per KG),$7.99,meats-seafood,https://www.shopmassystoresslu.com/product/chicken-leg-quarters-1kg/,https://www.shopmassystoresslu.com/wp-content/uploads/0020551400000.jpg
Rainforest Shrimp 91-110 340G,$34.45,meats-seafood,https://www.shopmassystoresslu.com/product/rainforest-shrmp-91-110ck-340g/,https://www.shopmassystoresslu.com/wp-content/uploads/0003467100067.jpg
Cqm Fresh Local Chicken Breast (per KG),$29.99,meats-seafood,https://www.shopmassystoresslu.com/product/cqm-fresh-local-chicken-breast-per-kg/,https://www.shopmassystoresslu.com/wp-content/uploads/0020624000000.jpg
Chicken Wings Prepack 1KG,$17.00,meats-seafood,https://www.shopmassystoresslu.com/product/chicken-wings-prepack-1kg/,https://www.shopmassystoresslu.com/wp-content/uploads/0342107051768.jpg
Chicken Leg Quarters 4.5KG,$41.55,meats-seafood,https://www.shopmassystoresslu.com/product/chicken-leg-quarters-4-5kg/,https://www.shopmassystoresslu.com/wp-content/uploads/0007562065074.jpg
Dg Frozen Local Chicken Whole (per KG),$10.95,meats-seafood,https://www.shopmassystoresslu.com/product/dg-frozen-local-chicken-whole/,https://www.shopmassystoresslu.com/wp-content/uploads/0020569600000.jpg
Cab Eye Round (per KG),$64.95,meats-seafood,https://www.shopmassystoresslu.com/product/cab-eye-round/,https://www.shopmassystoresslu.com/wp-content/uploads/0020556800000.jpg
Beef Oxtail (per KG),$54.50,meats-seafood,https://www.shopmassystoresslu.com/product/beef-oxtail/,https://www.shopmassystoresslu.com/wp-content/uploads/0020124700000.jpg
Pork Neckbones Frozen (Per Kg),$12.00,meats-seafood,https://www.shopmassystoresslu.com/product/pork-neckbones-frozen-1kg/,https://www.shopmassystoresslu.com/wp-content/uploads/0020560100000.jpg
Rainforest Smoked Salmon 85G,$30.15,meats-seafood,https://www.shopmassystoresslu.com/product/rainforest-seafoods-salmon-smoked-sliced-portion-2/,https://www.shopmassystoresslu.com/wp-content/uploads/0083467100192.jpg
Rainforest Seafood Mix 340G,$15.15,meats-seafood,https://www.shopmassystoresslu.com/product/seafood-mix-5/,https://www.shopmassystoresslu.com/wp-content/uploads/2021/03/0083467100117-2.jpg
Rainforest Shrimp 31-40 Raw 340G,$35.20,meats-seafood,https://www.shopmassystoresslu.com/product/rainforest-shrimp-31-40rw-340g/,https://www.shopmassystoresslu.com/wp-content/uploads/0083467100070.jpg
Beef Feet New Zealand (per KG),$16.10,meats-seafood,https://www.shopmassystoresslu.com/product/beef-feet-new-zealand/,https://www.shopmassystoresslu.com/wp-content/uploads/0020588900000.jpg
Rainforest Kingfish Steak (per KG),$41.45,meats-seafood,https://www.shopmassystoresslu.com/product/rainforest-kingfish-steak-1kg/,https://www.shopmassystoresslu.com/wp-content/uploads/0020557500000.jpg
Dg Local Season Mixed Parts (per KG),$27.37,meats-seafood,https://www.shopmassystoresslu.com/product/dg-local-season-mixed-parts-1kg/,https://www.shopmassystoresslu.com/wp-content/uploads/0020575000000.jpg
Dg Fresh Local Chicken Back (per KG),$12.95,meats-seafood,https://www.shopmassystoresslu.com/product/dg-fresh-local-chicken-backs/,https://www.shopmassystoresslu.com/wp-content/uploads/0020582600000.jpg
Blue Ribbon Picnic Ham (per KG),$23.99,meats-seafood,https://www.shopmassystoresslu.com/product/blue-ribbon-picnic-ham/,https://www.shopmassystoresslu.com/wp-content/uploads/0020613800000.jpg
Butterball Turkey Bacon 340G,$20.63,meats-seafood,https://www.shopmassystoresslu.com/product/butterball-turkey-bacon-340g/,https://www.shopmassystoresslu.com/wp-content/uploads/0002265530558.png
Rainforest Tilapia Fillet 454G,$30.50,meats-seafood,https://www.shopmassystoresslu.com/product/rainforest-tilapia-fillet-454g/,https://www.shopmassystoresslu.com/wp-content/uploads/0083467100045.jpg
Superior Fish Frozen King Fish Steaks (per KG),$44.50,meats-seafood,https://www.shopmassystoresslu.com/product/spf-frozen-king-fish-steaks/,https://www.shopmassystoresslu.com/wp-content/uploads/0020604400000.jpg
Dg Season Boneless Chicken Breast (per KG),$36.92,meats-seafood,https://www.shopmassystoresslu.com/product/dg-season-bnls-chicken-breast/,https://www.shopmassystoresslu.com/wp-content/uploads/0020580600000.jpg
Pork Tails Frozen (per KG),$16.99,meats-seafood,https://www.shopmassystoresslu.com/product/pork-tails-frozen-1kg/,https://www.shopmassystoresslu.com/wp-content/uploads/0020560500000.jpg
Carolina Turkey Ground 454G,$14.99,meats-seafood,https://www.shopmassystoresslu.com/product/carolina-turkey-ground-454g/,https://www.shopmassystoresslu.com/wp-content/uploads/0002265570140.jpeg
Rainforest Shrimp 60-80 Ck 340G,$36.50,meats-seafood,https://www.shopmassystoresslu.com/product/rainforest-seafoods-cooked-shrimp-60-80-medium-2/,https://www.shopmassystoresslu.com/wp-content/uploads/0083467100298.jpg
Rainforest Banga Mary Fillet 454G,$24.20,meats-seafood,https://www.shopmassystoresslu.com/product/rainforest-banga-mary-fil-454g/,https://www.shopmassystoresslu.com/wp-content/uploads/0083467100174.jpg
Dg Fresh Local Chicken Drumstick (per KG),$20.96,meats-seafood,https://www.shopmassystoresslu.com/product/dg-fresh-local-chicken-drumsticks/,https://www.shopmassystoresslu.com/wp-content/uploads/0020583400000.jpg
Macfoods Picnic Ham (per KG),$24.99,meats-seafood,https://www.shopmassystoresslu.com/product/macfoods-picnic-ham/,https://www.shopmassystoresslu.com/wp-content/uploads/0020421300000.jpg
Bouquet Chicken Thigh 907G,$17.87,meats-seafood,https://www.shopmassystoresslu.com/product/bouquet-chicken-thigh-907g/,https://www.shopmassystoresslu.com/wp-content/uploads/0007713312346.jpg
Bouquet Chicken Whole Legs 907G,$17.70,meats-seafood,https://www.shopmassystoresslu.com/product/bouquet-chicken-whl-legs-907g/,https://www.shopmassystoresslu.com/wp-content/uploads/coming-soon-30.png
Dg Fresh Local Chicken Whole (per KG),$21.25,meats-seafood,https://www.shopmassystoresslu.com/product/dg-fresh-local-chicken-whole/,https://www.shopmassystoresslu.com/wp-content/uploads/0020569600000.jpg
Rainforest Butter Fish Fillet (Each),$33.55,meats-seafood,https://www.shopmassystoresslu.com/product/rainforest-butter-fish-fillet/,https://www.shopmassystoresslu.com/wp-content/uploads/0083467100173-scaled.jpg
Ground Pork Sausage Mild 454G,$18.45,meats-seafood,https://www.shopmassystoresslu.com/product/ground-pork-sausage-mild-454g/,https://www.shopmassystoresslu.com/wp-content/uploads/0003715801252.jpg
Dietz & Watson Honey Turkey Breast 198G,$28.95,meats-seafood,https://www.shopmassystoresslu.com/product/dietz-watson-honey-turkey-breast-198g/,https://www.shopmassystoresslu.com/wp-content/uploads/0003150633409.jpg
Panamei Tilapia Fillet 907G,$49.00,meats-seafood,https://www.shopmassystoresslu.com/product/panamei-tilapia-fillet-907g/,https://www.shopmassystoresslu.com/wp-content/uploads/0066507200032.jpeg
Dg Local Season Wings (per KG),$26.10,meats-seafood,https://www.shopmassystoresslu.com/product/dg-local-season-wings/,https://www.shopmassystoresslu.com/wp-content/uploads/coming-soon-57.png
Smoke Herring Fillet 4.5KG,$56.96,meats-seafood,https://www.shopmassystoresslu.com/product/smoke-herring-fillet-4-5kg/,https://www.shopmassystoresslu.com/wp-content/uploads/0020562100000.jpg
Frozen Pork Loin Bone In (per KG),$20.20,meats-seafood,https://www.shopmassystoresslu.com/product/pork-loin-bone-in-frozen/,https://www.shopmassystoresslu.com/wp-content/uploads/0020560000000.jpg
Cqm Frozen Chicken Mixed Parts (per KG),$11.70,meats-seafood,https://www.shopmassystoresslu.com/product/cqm-frozen-chicken-mixed-parts-per-kg/,https://www.shopmassystoresslu.com/wp-content/uploads/coming-soon-68.jpg
Rainforest Snapper Whole (per KG),$98.25,meats-seafood,https://www.shopmassystoresslu.com/product/rainforest-snapper-whole/,https://www.shopmassystoresslu.com/wp-content/uploads/0020550800000.jpg
Cornish Hen 454G,$20.95,meats-seafood,https://www.shopmassystoresslu.com/product/cornish-hen-454g/,https://www.shopmassystoresslu.com/wp-content/uploads/0072745905820.jpg
Francis Fish Frozen Kingfish Steak (per KG),$54.52,meats-seafood,https://www.shopmassystoresslu.com/product/ffsl-frozen-kingfish-steak-1kg/,https://www.shopmassystoresslu.com/wp-content/uploads/0020621800000.jpg
Ground Pork Sausage Hot 454G,$17.95,meats-seafood,https://www.shopmassystoresslu.com/product/ground-pork-sausage-hot-454g/,https://www.shopmassystoresslu.com/wp-content/uploads/0003715801309.png
Grew Smoked Picnic Ham (Per Kg),$30.60,meats-seafood,https://www.shopmassystoresslu.com/product/grew-smoked-picnic-ham/,https://www.shopmassystoresslu.com/wp-content/uploads/0020559600000.jpg
Dg Local Season Drumsticks (per KG),$25.88,meats-seafood,https://www.shopmassystoresslu.com/product/dg-local-season-drumsticks/,https://www.shopmassystoresslu.com/wp-content/uploads/0020556600000.jpg
Bouquet Chicken Breast 907G,$36.75,meats-seafood,https://www.shopmassystoresslu.com/product/bouquet-chicken-breast-907g/,https://www.shopmassystoresslu.com/wp-content/uploads/coming-soon-68.jpg
Crab Meat Imitation 454G,$14.55,meats-seafood,https://www.shopmassystoresslu.com/product/crab-meat-imitation-454g/,https://www.shopmassystoresslu.com/wp-content/uploads/0066507200767.jpg
Superior Fish Frozen Tuna Steak (per KG),$42.80,meats-seafood,https://www.shopmassystoresslu.com/product/spf-frozen-tuna-steak/,https://www.shopmassystoresslu.com/wp-content/uploads/0020604600000.jpg
Pork Hock Frozen (per KG),$14.95,meats-seafood,https://www.shopmassystoresslu.com/product/pork-hock-frozen-14kg/,https://www.shopmassystoresslu.com/wp-content/uploads/0020559700000.jpg
Bouquet Chicken Splt Breast 907G,$17.00,meats-seafood,https://www.shopmassystoresslu.com/product/bouquet-chicken-splt-brst-907g/,https://www.shopmassystoresslu.com/wp-content/uploads/coming-soon-30.png
Dietz & Watson Black Forest Ham 198G,$24.95,meats-seafood,https://www.shopmassystoresslu.com/product/dietz-watson-black-forest-ham-198g/,https://www.shopmassystoresslu.com/wp-content/uploads/0003150631009.jpg
Cqm Fresh Local Chicken Wings (per KG),$20.69,meats-seafood,https://www.shopmassystoresslu.com/product/cqm-fresh-local-chicken-wings-per-kg/,https://www.shopmassystoresslu.com/wp-content/uploads/0020625100000.jpg
Rainforest Shrimp 60-80 680G,$66.40,meats-seafood,https://www.shopmassystoresslu.com/product/rainforest-shrimp-60-80-680g/,https://www.shopmassystoresslu.com/wp-content/uploads/0083467100106.jpg
Drummond Salt Pollock Fill 340G,$12.50,meats-seafood,https://www.shopmassystoresslu.com/product/drumm-salt-pollock-fill-340g/,https://www.shopmassystoresslu.com/wp-content/uploads/0077572631101.jpg
Francis Fish Frozen Potfish Cleaned (per KG),$50.62,meats-seafood,https://www.shopmassystoresslu.com/product/ffsl-frozen-potfish-cleaned/,https://www.shopmassystoresslu.com/wp-content/uploads/0020617100000.jpg
Cqm Frozen Whole Chicken (per KG),$10.95,meats-seafood,https://www.shopmassystoresslu.com/product/cqm-frozen-whole-chicken-per-kg/,https://www.shopmassystoresslu.com/wp-content/uploads/0020622800000.jpg
Francis Fish Frozen Tuna Steaks (per KG),$49.51,meats-seafood,https://www.shopmassystoresslu.com/product/ffsl-frozen-tuna-steaks/,https://www.shopmassystoresslu.com/wp-content/uploads/0020621400000-1.jpg
Cqm Fresh Local Chicken Thigh (per KG),$20.52,meats-seafood,https://www.shopmassystoresslu.com/product/cqm-fresh-local-chicken-thigh-per-kg/,https://www.shopmassystoresslu.com/wp-content/uploads/0020624300000.jpg
Rainforest Snapper Fillet 454G,$61.29,meats-seafood,https://www.shopmassystoresslu.com/product/rainforest-snapper-fillet-454g/,https://www.shopmassystoresslu.com/wp-content/uploads/0083467100002.jpg
Panamei Salmon Fillet 454G,$59.95,meats-seafood,https://www.shopmassystoresslu.com/product/panamei-salmon-fillet-454g/,https://www.shopmassystoresslu.com/wp-content/uploads/0066507253005.jpg
Francis Fish Frozen Fish Tuna Fillet (per KG),$47.98,meats-seafood,https://www.shopmassystoresslu.com/product/ffsl-frozen-fish-tuna-fillet/,https://www.shopmassystoresslu.com/wp-content/uploads/0020621400000-1.jpg
Dg Local Season Chicken Thigh (per KG),$26.10,meats-seafood,https://www.shopmassystoresslu.com/product/dg-local-season-chicken-thigh/,https://www.shopmassystoresslu.com/wp-content/uploads/0020595300000.jpg
Whole Herring (Bloaters) (per KG),$35.89,meats-seafood,https://www.shopmassystoresslu.com/product/whole-herring-bloaters-8kg/,https://www.shopmassystoresslu.com/wp-content/uploads/0020560900000.jpg
Rainforest Saltd Mackerel Bulk (per KG),$32.14,meats-seafood,https://www.shopmassystoresslu.com/product/rainforest-saltd-mackerel-bulk/,https://www.shopmassystoresslu.com/wp-content/uploads/0020552900000.jpg
Lamb Bulk Ground (per KG),$36.97,meats-seafood,https://www.shopmassystoresslu.com/product/bulk-ground-lamb/,https://www.shopmassystoresslu.com/wp-content/uploads/0020552800000.jpg
Rainforest Cooked Mussel 454G,$15.30$13.30,meats-seafood,https://www.shopmassystoresslu.com/product/rainforest-seafoods-mussels-blue-black-whole-cooked/,https://www.shopmassystoresslu.com/wp-content/uploads/0083467100119.jpg
Dietz & Watson Tavern Imported Baked Ham 198G,$24.95,meats-seafood,https://www.shopmassystoresslu.com/product/dietz-watson-tavern-imported-baked-ham-198g/,https://www.shopmassystoresslu.com/wp-content/uploads/0003150630909.jpg
Frozen Lamb Shoulder (per KG),$33.00,meats-seafood,https://www.shopmassystoresslu.com/product/frozen-lamb-shoulder-perkg/,https://www.shopmassystoresslu.com/wp-content/uploads/0020558300000.jpg
Rainforest Dorado Fillet 340G,$51.20,meats-seafood,https://www.shopmassystoresslu.com/product/rainforest-dorado-fillet-340g/,https://www.shopmassystoresslu.com/wp-content/uploads/0083467100343.jpg
Francis Fish Frozen Fish Offals (per KG),$39.60,meats-seafood,https://www.shopmassystoresslu.com/product/ffsl-frozen-fish-offals/,https://www.shopmassystoresslu.com/wp-content/uploads/coming-soon-57.png
Busseto Salami Dry Black Pepper 85G,$31.54,meats-seafood,https://www.shopmassystoresslu.com/product/busseto-salami-dry-black-pepper-85g/,https://www.shopmassystoresslu.com/wp-content/uploads/0003810100965.png
Busseto Salami Chub Black Pepper 227G,$40.95,meats-seafood,https://www.shopmassystoresslu.com/product/busseto-salami-chub-black-pepper-227g/,https://www.shopmassystoresslu.com/wp-content/uploads/003810100046.jpg
Salted Pig Tail (per KG),$24.20,meats-seafood,https://www.shopmassystoresslu.com/product/salted-pig-tail-per-kg/,https://www.shopmassystoresslu.com/wp-content/uploads/0020560500000.jpg
Cqm Frozen Local Chicken Jumbo (per KG),$19.55,meats-seafood,https://www.shopmassystoresslu.com/product/cqm-frozen-local-chicken-jumbo-per-kg/,https://www.shopmassystoresslu.com/wp-content/uploads/0020622800000.jpg
Chicken Leg Quarters 4.5KG,$42.80,meats-seafood,https://www.shopmassystoresslu.com/product/chicken-leg-quarters-4-5kg-2/,https://www.shopmassystoresslu.com/wp-content/uploads/020596400000.jpg
Cqm Fresh Local Chicken Legs (per KG),$18.25,meats-seafood,https://www.shopmassystoresslu.com/product/cqm-fresh-local-chicken-legs-per-kg/,https://www.shopmassystoresslu.com/wp-content/uploads/020596400000-1.jpg
Cqm Fresh Local Whole Chicken (per KG),$19.96,meats-seafood,https://www.shopmassystoresslu.com/product/cqm-fresh-local-whole-chicken-per-kg/,https://www.shopmassystoresslu.com/wp-content/uploads/0020622800000.jpg
Cqm Fresh Local Chicken Drums (per KG),$20.52,meats-seafood,https://www.shopmassystoresslu.com/product/cqm-fresh-local-chicken-drums-per-kg/,https://www.shopmassystoresslu.com/wp-content/uploads/0020624200000.jpg
Cqm Fresh Local Chicken Giblets (per KG),$13.66,meats-seafood,https://www.shopmassystoresslu.com/product/cqm-fresh-local-chicken-giblets-per-kg/,https://www.shopmassystoresslu.com/wp-content/uploads/0020624900000.jpg
Panamei Crawfish With Season 907G,$41.50,meats-seafood,https://www.shopmassystoresslu.com/product/panamei-crawfish-w-season-907g/,https://www.shopmassystoresslu.com/wp-content/uploads/0066507201072.jpg
Francis Fish Frozen Red Snapper Whole (per KG),$57.07,meats-seafood,https://www.shopmassystoresslu.com/product/ffsl-frozen-red-snapper-whole/,https://www.shopmassystoresslu.com/wp-content/uploads/0020617000000.jpg
Francis Fish Frozen Lambi (per KG),$66.19,meats-seafood,https://www.shopmassystoresslu.com/product/ffsl-frozen-lambi/,https://www.shopmassystoresslu.com/wp-content/uploads/0020615600000.jpg
Francis Fish Frozen Jackfish Whole (per KG),$37.44,meats-seafood,https://www.shopmassystoresslu.com/product/ffsl-frozen-jackfish-whole/,https://www.shopmassystoresslu.com/wp-content/uploads/coming-soon-50.png
Frozen Pork Neckbones (per KG),$21.70,meats-seafood,https://www.shopmassystoresslu.com/product/frozen-pork-neckbones-smk-1kg/,https://www.shopmassystoresslu.com/wp-content/uploads/0020590600000.jpg
Tropicured Salted Picnic (per KG),$49.99,meats-seafood,https://www.shopmassystoresslu.com/product/tropicured-salted-picnic/,https://www.shopmassystoresslu.com/wp-content/uploads/coming-soon-32.png
Pork Riblets Frozen (per KG),$16.99$13.99,meats-seafood,https://www.shopmassystoresslu.com/product/pork-riblets-frozen-10kg/,https://www.shopmassystoresslu.com/wp-content/uploads/0020560300000.jpg
Columbus Proscuitto Sliced 85G,$30.95,meats-seafood,https://www.shopmassystoresslu.com/product/columbus-proscuitto-sliced-85g/,https://www.shopmassystoresslu.com/wp-content/uploads/0007300710673.jpg
Busseto Salami Chub Green Pepper 227G,$42.95,meats-seafood,https://www.shopmassystoresslu.com/product/busseto-salami-chub-green-pepper-227g/,https://www.shopmassystoresslu.com/wp-content/uploads/0003810100048.png
Busseto Salami Sliced Calabres 454G,$59.95$49.95,meats-seafood,https://www.shopmassystoresslu.com/product/busseto-salami-sliced-calabres-454g/,https://www.shopmassystoresslu.com/wp-content/uploads/0003810100960.jpg
Columbus Salami Dry 226G,$47.95,meats-seafood,https://www.shopmassystoresslu.com/product/columbus-salami-dry-226g/,https://www.shopmassystoresslu.com/wp-content/uploads/0007300700743.png
Dak Chopped Ham 200G,$8.35,meats-seafood,https://www.shopmassystoresslu.com/product/dak-chopped-ham-200g/,https://www.shopmassystoresslu.com/wp-content/uploads/0570719601362.jpg
Busseto Salami Chub Calabrese 227G,$35.32$30.32,meats-seafood,https://www.shopmassystoresslu.com/product/busseto-salami-chub-calabrese-227g/,https://www.shopmassystoresslu.com/wp-content/uploads/coming-soon-29.jpg
Busseto Salami Dry Wrap 198G,$39.95,meats-seafood,https://www.shopmassystoresslu.com/product/busseto-salami-dry-wrap-198g/,https://www.shopmassystoresslu.com/wp-content/uploads/coming-soon-29.jpg
Busseto Salami Herb And Spice 227G,$31.54,meats-seafood,https://www.shopmassystoresslu.com/product/busseto-salami-herb-and-spice-227g/,https://www.shopmassystoresslu.com/wp-content/uploads/0003810100964-scaled.jpg
Busseto Salami Sliced Italian 85G,$26.95,meats-seafood,https://www.shopmassystoresslu.com/product/busseto-salami-sliced-italian-85g/,https://www.shopmassystoresslu.com/wp-content/uploads/coming-soon-35.jpg
Daniele Proscuitto Sliced 85G,$27.95,meats-seafood,https://www.shopmassystoresslu.com/product/daniele-proscuitto-sliced-85g/,https://www.shopmassystoresslu.com/wp-content/uploads/coming-soon-40.jpg
Dietz & Watson Genoa Salami 198G,$29.95$16.95,meats-seafood,https://www.shopmassystoresslu.com/product/dietz-watson-genoa-salami-198g/,https://www.shopmassystoresslu.com/wp-content/uploads/003150633909.jpg
Dietz & Watson Cooked Ham 198G,$25.95,meats-seafood,https://www.shopmassystoresslu.com/product/dietz-watson-cooked-ham-198g/,https://www.shopmassystoresslu.com/wp-content/uploads/0003150631109.jpg
Cqm Fresh Local Chicken Backs (per KG),$12.68,meats-seafood,https://www.shopmassystoresslu.com/product/cqm-fresh-local-chicken-backs-per-kg/,https://www.shopmassystoresslu.com/wp-content/uploads/0020124900000.jpg
Rainforest Bangamary Headless 908G,$32.00,meats-seafood,https://www.shopmassystoresslu.com/product/rainforest-bangamary-headless/,https://www.shopmassystoresslu.com/wp-content/uploads/83467100112.jpg
Francis Fish Frozen Kingfish Fillet (per KG),$63.77,meats-seafood,https://www.shopmassystoresslu.com/product/ffsl-frozen-kingfish-fillet/,https://www.shopmassystoresslu.com/wp-content/uploads/0020617600000.jpg
Francis Fish Frozen Fish Shark Steaks (per KG),$36.17,meats-seafood,https://www.shopmassystoresslu.com/product/ffsl-frozen-fish-shark-steaks/,https://www.shopmassystoresslu.com/wp-content/uploads/0020616600000.jpg
Francis Fish Frozen Blue Marlin Fillet (per KG),$50.08,meats-seafood,https://www.shopmassystoresslu.com/product/ffsl-frozen-blue-marlin-fillet/,https://www.shopmassystoresslu.com/wp-content/uploads/0020615500000.jpg
Francis Fish Frozen Jackfish Fillet (per KG),$49.60,meats-seafood,https://www.shopmassystoresslu.com/product/ffsl-frozen-jackfish-fillet/,https://www.shopmassystoresslu.com/wp-content/uploads/coming-soon-32.png
Francis Fish Frozen Dorado Fillet (per KG),$64.33,meats-seafood,https://www.shopmassystoresslu.com/product/ffsl-frozen-dorado-fillet/,https://www.shopmassystoresslu.com/wp-content/uploads/0020615100000.jpg
Francis Fish Frozen Dorado Steaks (per KG),$61.71,meats-seafood,https://www.shopmassystoresslu.com/product/ffsl-frozen-dorado-steaks/,https://www.shopmassystoresslu.com/wp-content/uploads/0020615000000.jpg
Dg Season Chicken Breast Strips (per KG),$36.92,meats-seafood,https://www.shopmassystoresslu.com/product/dg-season-chicken-breast-strips/,https://www.shopmassystoresslu.com/wp-content/uploads/coming-soon-57.png
Imported Picnic Ham (Per Kg),$27.99,meats-seafood,https://www.shopmassystoresslu.com/product/imp-picnic-ham-1kg/,https://www.shopmassystoresslu.com/wp-content/uploads/coming-soon-23.jpg
Chicken Leg Whole (per KG),$114.80,meats-seafood,https://www.shopmassystoresslu.com/product/chicken-leg-whole-14kg/,https://www.shopmassystoresslu.com/wp-content/uploads/0000000005517.jpg
